name,email,contact_person,website,description,rating,reviews,category,address
The Victoria Falls Hotel,reservations@victoriafallshotel.com,John Mukwende,victoriafallshotel.com,Historic luxury hotel overlooking Victoria Falls with colonial charm and modern amenities,4.8,1250,hotel,Victoria Falls
Meikles Hotel,info@meikles.com,Sarah Chigumira,meikles.com,Zimbabwe's premier five-star hotel in the heart of Harare CBD,4.6,890,hotel,Harare
Rainbow Towers,bookings@rainbowtowers.co.zw,Peter Moyo,rainbowtowers.co.zw,Conference and event hotel with panoramic city views,4.2,650,hotel,Harare
Elephant Hills Resort,stay@elephanthills.com,Grace Ndlovu,elephanthills.com,Golf resort and spa near Victoria Falls with wildlife encounters,4.5,720,resort,Victoria Falls
The Lodge at the Ancient City,booking@ancientcity.co.zw,David Sibanda,ancientcity.co.zw,Boutique lodge near Great Zimbabwe ruins with cultural experiences,4.7,380,lodge,Masvingo
Troutbeck Resort,reservations@troutbeck.co.zw,Linda Nyathi,troutbeck.co.zw,Mountain retreat in Eastern Highlands with trout fishing,4.4,520,resort,Nyanga
Cresta Churchill,churchill@cresta.co.zw,Michael Dube,cresta.co.zw,Business hotel with modern facilities and casino,4.1,430,hotel,Bulawayo
Hwange Safari Lodge,safari@hwange.com,James Mpofu,hwangesafarilodge.com,Premier safari lodge in Hwange National Park,4.6,890,safari lodge,Hwange
Kariba Safari Lodge,info@karibasafari.com,Anna Chikowore,karibasafarilodge.com,Lakeside lodge with stunning Kariba views and fishing,4.3,340,lodge,Kariba
Matobo Hills Lodge,stay@matobohills.co.zw,Robert Ncube,matobohills.co.zw,Exclusive lodge near ancient rock art sites,4.8,280,lodge,Matobo
